<?xml version="1.0" encoding="UTF-8"?>
<beans:beans xmlns="http://www.springframework.org/schema/mvc"
	xmlns:xsi="http://www.w3.org/2001/XMLSchema-instance"
	xmlns:beans="http://www.springframework.org/schema/beans"
	xmlns:context="http://www.springframework.org/schema/context"
	xmlns:aop="http://www.springframework.org/schema/aop"
	xsi:schemaLocation="http://www.springframework.org/schema/mvc https://www.springframework.org/schema/mvc/spring-mvc.xsd
		http://www.springframework.org/schema/beans https://www.springframework.org/schema/beans/spring-beans.xsd
		http://www.springframework.org/schema/context https://www.springframework.org/schema/context/spring-context.xsd
		http://www.springframework.org/schema/aop http://www.springframework.org/schema/aop/spring-aop-4.3.xsd">

	<!-- DispatcherServlet Context: defines this servlet's request-processing infrastructure -->
	
	<!-- Enables the Spring MVC @Controller programming model -->
	<annotation-driven />

	<!-- Handles HTTP GET requests for /resources/** by efficiently serving up static resources in the ${webappRoot}/resources directory -->
	<resources mapping="/resources/**" location="/resources/" />
	
	
	<!-- Resolves views selected for rendering by @Controllers to .jsp resources in the /WEB-INF/views directory -->
	<beans:bean class="org.springframework.web.servlet.view.InternalResourceViewResolver">
		<beans:property name="prefix" value="/WEB-INF/views/" />
		<beans:property name="suffix" value=".jsp" />
	</beans:bean>
	
	<beans:bean id="multipartResolver" class="org.springframework.web.multipart.commons.CommonsMultipartResolver">
      
      <beans:property name="maxUploadSize" value="10485760" />
      <beans:property name="defaultEncoding" value="utf-8" />
   
   </beans:bean>
	
	<context:component-scan base-package="kr.co.qplay.quizmultiple" />
	<context:component-scan base-package="kr.co.qplay.memberpoint" />
	<context:component-scan base-package="kr.co.qplay.boardfree" />
	<context:component-scan base-package="kr.co.qplay.commom" />
	<context:component-scan base-package="kr.co.qplay.member" />
	<context:component-scan base-package="kr.co.qplay.memberscore" />
	<context:component-scan base-package="kr.co.qplay.controller" />
	<context:component-scan base-package="kr.co.qplay.quiztyping" />
	<context:component-scan base-package="kr.co.qplay.worldcup" />
	
	
	<!-- AOP실행을 위해 컴포넌트 등록 -->
	<aop:aspectj-autoproxy></aop:aspectj-autoproxy>
	
	<!-- 인터셉터 설정 -->
	<beans:bean class="kr.co.qplay.commom.Authentication" id="auth"></beans:bean>
	<!-- 인터셉터를 위한 매핑경로 설정하여 auth 메소드를 수행하게한다.<mapping path="/board/detail"/>-->
	<interceptors>
		<interceptor>
	<!-- 잠시 테스트 중 <mapping path="/boardfree/read"/> -->
			<mapping path="/boardfree/update"/>
			<mapping path="/boardfree/write"/>
			<beans:ref bean="auth"/>
		</interceptor>
	</interceptors>
	
	
	
	
	
</beans:beans>
